{
    "project": {
        "info": {
            "name": "Chainlink",
            "title": "Chainlink"
        }
    },
    "environments": [
        {
            "name": "ropsten"
        }
    ],
    "contracts": [
        {
            "source": "/contracts/MyContract.sol",
            "name": "MyContract",
            "args": []
        },
        {
            "source": "/contracts/lib/Chainlinked.sol",
            "name": "Chainlinked",
            "args": []
        },
        {
            "source": "/contracts/lib/Ownable.sol",
            "name": "Ownable",
            "args": []
        }
    ],
    "wallets": [
        {
            "desc": "This is a wallet for local development",
            "name": "development"
        },
        {
            "desc": "A private wallet",
            "name": "private"
        },
        {
            "desc": "External wallet integrating with Metamask and other compatible wallets",
            "name": "external",
            "type": "external"
        }
    ],
    "accounts": [
        {
            "name": "Default",
            "_environments": [
                {
                    "name": "browser",
                    "data": {
                        "wallet": "development",
                        "index": 0
                    }
                },
                {
                    "name": "custom",
                    "data": {
                        "wallet": "private",
                        "index": 0
                    }
                },
                {
                    "name": "rinkeby",
                    "data": {
                        "wallet": "external",
                        "index": 0
                    }
                },
                {
                    "name": "ropsten",
                    "data": {
                        "wallet": "external",
                        "index": 0
                    }
                },
                {
                    "name": "kovan",
                    "data": {
                        "wallet": "external",
                        "index": 0
                    }
                },
                {
                    "name": "infuranet",
                    "data": {
                        "wallet": "external",
                        "index": 0
                    }
                },
                {
                    "name": "mainnet",
                    "data": {
                        "wallet": "external",
                        "index": 0
                    }
                }
            ]
        }
    ]
}